Number,Gender,NameSet,Title,GivenName,MiddleInitial,Surname,StreetAddress,City,State,StateFull,ZipCode,Country,CountryFull,EmailAddress,Username,Password,BrowserUserAgent,TelephoneNumber,TelephoneCountryCode,MothersMaiden,Birthday,Age,TropicalZodiac,CCType,CCNumber,CVV2,CCExpires,NationalID,UPS,WesternUnionMTCN,MoneyGramMTCN,Color,Occupation,Company,Vehicle,Domain,BloodType,Pounds,Kilograms,FeetInches,Centimeters,GUID,Latitude,Longitude
1,male,American,Mr.,Leo,L,Busby,"3555 Lakewood Drive",Teterboro,NJ,"New Jersey",07608,US,"United States",LeoLBusby@fleckens.hu,Goacks48,eo2Iu9roh,"Mozilla/5.0 (Macintosh; Intel Mac OS X 10_14_4) AppleWebKit/605.1.15 (KHTML, like Gecko) Version/12.1 Safari/605.1.15",201-838-0733,1,Williams,9/27/1948,71,Libra,MasterCard,5152123173223558,460,9/2023,148-20-4321,"1Z 761 021 57 8339 815 4",3943976702,49935188,Orange,"Executive recruiter","Pro-Care Garden Maintenance","2006 Kia Sportage",usalaborforce.com,B+,145.9,66.3,"5' 6""",167,16795632-e32a-4491-a20c-fa4a5565d427,40.931138,-73.978628
2,female,American,Ms.,Gladys,D,Wade,"622 Farland Avenue","San Antonio",TX,Texas,78205,US,"United States",GladysDWade@teleworm.us,Bacipte,Dequ5uoSieWoh,"Mozilla/5.0 (Windows NT 10.0; Win64; x64) AppleWebKit/537.36 (KHTML, like Gecko) Chrome/64.0.3282.140 Safari/537.36 Edge/18.17763",830-451-1825,1,Jackson,4/30/1941,79,Taurus,Visa,4916400523076427,460,7/2021,635-94-9688,"1Z W34 288 42 6366 168 2",3959161482,14982432,Black,"Tire builder","Planet Pizza","1995 Mercury Cougar",poppingb.com,B+,190.1,86.4,"5' 4""",162,bc3553a9-f25f-4ff5-a0f2-bf4d0b0375ef,29.405501,-98.483362
3,male,American,Dr.,Lynn,M,Quintana,"4551 Ash Avenue","Saint Louis",MO,Missouri,63126,US,"United States",LynnMQuintana@jourrapide.com,Xviver,ieshah9aeNg,"Mozilla/5.0 (Windows NT 6.1; Win64; x64; rv:66.0) Gecko/20100101 Firefox/66.0",314-843-0507,1,Casey,9/13/1986,33,Virgo,Visa,4716894467319128,672,9/2024,497-03-2556,"1Z 414 7V8 97 6360 076 8",8742549441,51193849,Red,Etcher,Profitpros,"2012 Subaru Outback",usedracingcars.com,O+,165.2,75.1,"6' 1""",186,ae92dc7c-a58f-40ed-8aa7-4d7f4e052362,38.603035,-90.398003
4,female,American,Mrs.,Loraine,T,Halton,"1805 Junkins Avenue",Albany,GA,Georgia,31701,US,"United States",LoraineTHalton@gustr.com,Lactold1980,Zoh2Eix1eir,"Mozilla/5.0 (X11; Linux x86_64) AppleWebKit/537.36 (KHTML, like Gecko) Chrome/51.0.2704.106 Safari/537.36",229-471-7981,1,Brewer,9/16/1980,39,Virgo,Visa,4485290818314893,057,3/2022,258-12-6015,"1Z 8E4 F94 60 0942 050 1",4119660477,03960653,Blue,"Marketing research analyst",Angel's,"2012 Rolls-Royce Ghost",WallstreetWriter.com,A+,181.7,82.6,"5' 1""",155,9bfdd408-4b97-4380-b88c-4640ccb966f5,31.498198,-84.109503
5,female,American,Mrs.,Glenda,E,Baker,"468 Jefferson Street","Newport News",VA,Virginia,23602,US,"United States",GlendaEBaker@einrot.com,Tindst49,maigh4Aer,"Mozilla/5.0 (Windows NT 10.0; WOW64; Trident/7.0; rv:11.0) like Gecko",757-845-6645,1,Glassman,4/5/1949,71,Aries,MasterCard,5103906011673806,902,2/2021,227-34-4779,"1Z 4E0 500 55 1103 462 4",0093476254,68730989,Blue,"Heat treating equipment operator","Midwest TV & Appliance","1997 Hyundai Sonata",carriermotel.com,O+,153.3,69.7,"5' 5""",166,d94a27a6-47c3-4add-9743-b598aa727f4b,37.041373,-76.510859
6,female,American,Mrs.,Samantha,C,Averill,"1372 Crowfield Road",Gilbert,AZ,Arizona,85233,US,"United States",SamanthaCAverill@teleworm.us,Theregoth,neusooG0ai,"Mozilla/5.0 (Windows NT 10.0; Win64; x64) AppleWebKit/537.36 (KHTML, like Gecko) Chrome/74.0.3729.131 Safari/537.36",602-810-0204,1,Shearer,11/20/1996,23,Scorpio,MasterCard,5314589953855923,410,3/2023,601-79-1423,"1Z 0F1 532 06 7558 416 3",5788389269,40118061,Blue,"Respiratory care practitioner","Forest City","2001 Mazda Demio",minipriz.com,B+,174.2,79.2,"5' 5""",164,a630b25e-440d-4cc2-ae7c-8342bd66eae2,33.393927,-111.719673
7,female,American,Ms.,Diana,T,Hale,"220 Luke Lane",Bokchito,OK,Oklahoma,74726,US,"United States",DianaTHale@rhyta.com,Rowas2000,Fiif8Leith,"Mozilla/5.0 (Windows NT 10.0; WOW64; Trident/7.0; rv:11.0) like Gecko",580-295-1618,1,Davila,5/14/2000,20,Taurus,MasterCard,5398337298247326,024,3/2024,440-22-7997,"1Z 811 033 66 3393 196 6",2099988869,21520651,Blue,"Health engineer","York Steak House","2005 Tata Safari",kushgames.com,A+,168.3,76.5,"5' 0""",152,8f96df15-a50d-420b-8a9e-5a106e3031ea,33.907639,-96.204613
8,female,American,Ms.,Kimberly,R,Duclos,"173 Harley Brook Lane",Altoona,PA,Pennsylvania,16601,US,"United States",KimberlyRDuclos@gustr.com,Spass1990,Shiesh6y,"Mozilla/5.0 (Macintosh; Intel Mac OS X 10_14_3) AppleWebKit/537.36 (KHTML, like Gecko) Chrome/73.0.3683.103 Safari/537.36",814-555-2952,1,Reed,7/7/1990,30,Cancer,MasterCard,5354337795155420,188,2/2023,208-26-8167,"1Z 429 594 46 6480 800 2",6443760725,90743032,Purple,Farmhand,"Star Assistance","1998 Aston Martin Vantage",astonying.com,A+,150.5,68.4,"5' 7""",169,2210ecf2-8600-4d9d-8a9a-055b4e5dc885,40.600604,-78.41143
9,male,American,Mr.,James,A,Gilbert,"1602 Walkers Ridge Way","West Chicago",IL,Illinois,60185,US,"United States",JamesAGilbert@dayrep.com,Sensill,oaPoop2Fi,"Mozilla/5.0 (Windows NT 6.1; Win64; x64; rv:66.0) Gecko/20100101 Firefox/66.0",630-293-1184,1,Singleton,7/6/1951,69,Cancer,MasterCard,5513429834844623,647,11/2024,337-86-6844,"1Z 498 72A 36 7381 972 0",8161997301,62936035,Blue,"Log mover","Total Network Development","2007 Citroen Xsara",ranchoelcuetazo.com,B+,194.9,88.6,"5' 11""",180,08440d5b-64a5-42a5-96de-619bb289a3b1,41.868453,-88.143251
10,female,American,Mrs.,Sue,N,Maxwell,"3729 Bryan Street",Greensboro,NC,"North Carolina",27401,US,"United States",SueNMaxwell@dayrep.com,Tinticulge,IeD7Hieph,"Mozilla/5.0 (Macintosh; Intel Mac OS X 10_14_0) AppleWebKit/537.36 (KHTML, like Gecko) Chrome/73.0.3683.103 Safari/537.36",336-279-7587,1,Terrell,8/2/1937,83,Leo,Visa,4485068798839562,362,4/2022,239-45-8819,"1Z 169 236 48 6014 617 3",4789864975,36235575,Green,"Recreation leader","Omni Superstore","2002 Vauxhall Monaro",futurehumanoids.com,B+,193.6,88.0,"5' 0""",152,b8d45c89-36d3-481a-a02f-bed473abc677,36.170925,-79.747562
